Year,Cellular_Adoption
12/31/86,0
12/31/87,0.989132021
12/31/88,2.47063319
12/31/89,4.661420125
12/31/90,7.840611381
12/31/91,12.33023714
12/31/92,18.43261935
12/31/93,26.3098137
12/31/94,35.82721276
12/31/95,46.4488152
12/31/96,57.30203601
12/31/97,67.43707273
12/31/98,76.13611792
12/31/99,83.07839603
12/31/00,88.3037847
12/31/01,92.06622305
12/31/02,94.68961176
12/31/03,96.47806155
12/31/04,97.6786669